{
    "comparison": {
        "Naive": {
            "mse": 0.0,
            "rmse": 0.0,
            "mae": 0.0,
            "mape": 0.0,
            "nrmse": 0.0,
            "nmae": 0.0,
            "r2": 1.0,
            "directional_accuracy": 100.0
        },
        "Simple": {
            "mse": 9.998968515028976e-05,
            "rmse": 0.009999484244214285,
            "mae": 0.00796001963133019,
            "mape": 3.395319196373922,
            "nrmse": 2.1240230380005896,
            "nmae": 1.6908137126837166,
            "r2": 0.9946547313413964,
            "directional_accuracy": 69.09742976688584
        },
        "Complex": {
            "mse": 0.002478350262840374,
            "rmse": 0.049783031876738625,
            "mae": 0.03976582380862139,
            "mape": 25.367418876956975,
            "nrmse": 10.574576050649016,
            "nmae": 8.446788237448835,
            "r2": 0.8675098535515142,
            "directional_accuracy": 54.46802151823073
        },
        "Ensemble": {
            "mse": 0.00028568039935399265,
            "rmse": 0.01690208269279241,
            "mae": 0.013486154512624804,
            "mape": 8.383041062064962,
            "nrmse": 3.590226470975655,
            "nmae": 2.864638033249032,
            "r2": 0.9847279054005628,
            "directional_accuracy": 63.000597728631206
        }
    },
    "horizon_metrics": {
        "horizon": [
            1,
            2,
            3,
            4,
            5,
            6,
            7
        ],
        "rmse": [
            0.04905478328963165,
            0.04984105572217618,
            0.0503922012500483,
            0.049482711348635855,
            0.050065697901347614,
            0.04987723721826646,
            0.04975664450779225
        ],
        "mae": [
            0.038717302666597446,
            0.04008208730774385,
            0.04000338921598545,
            0.039511739262187914,
            0.04032801051240522,
            0.04005092278622421,
            0.03966731490920573
        ],
        "mape": [
            16.595282318464065,
            39.927783681925,
            40.41212112259721,
            16.417861261482454,
            22.947905691645122,
            25.78280268542275,
            15.488175377162275
        ]
    },
    "significance_tests": {
        "Simple": {
            "dm_statistic": -11.57382414753619,
            "p_value": 0.0,
            "significant_improvement": false,
            "significant_degradation": true
        },
        "Complex": {
            "dm_statistic": -11.726273320119503,
            "p_value": 0.0,
            "significant_improvement": false,
            "significant_degradation": true
        }
    }
}